Country,Threads,Run,Setup,Execution,Actual
Guam,1,0,4.699,9.223,15.726511240005493
Guam,1,1,4.151,7.083,13.37235140800476
Guam,1,2,3.703,6.825,13.678493976593018
