Threads,Iteration,Actual,Reported
10,0,8.840070962905884,8.1
10,0,4.525554656982422,3.2
10,1,4.539245367050171,3.2
