Threads,Iteration,Actual,Reported
16,0,36.93111562728882,37
16,0,36.948323011398315,37
16,1,32.63092803955078,31
