Threads,Iteration,Actual,Reported
37,0,60.696455240249634,60
37,1,63.21631383895874,62
