Threads,Iteration,Actual,Reported
7,0,4.519788980484009,2.2
7,0,4.522602558135986,2.2
7,1,4.481711149215698,2.2
