Threads,Iteration,Actual,Reported
40,0,65.00046896934509,64
40,1,62.85170865058899,61
40,0,56.4005241394043,56
40,1,80.15303659439087,80
