Threads,Iteration,Actual,Reported
40,0,65.00046896934509,64
40,1,62.85170865058899,61
