Threads,Iteration,Actual,Reported
1,0,2.3661999702453613,0.88
1,0,2.3605892658233643,0.88
1,1,2.359670877456665,0.9
