Threads,Iteration,Actual,Reported
13,0,4.516877889633179,4.1
13,0,4.522803544998169,4.2
13,1,4.520511150360107,4.1
