Threads,Iteration,Actual,Reported
19,0,36.92774844169617,35
19,0,36.92768144607544,35
19,1,56.37424850463867,55
