Threads,Iteration,Actual,Reported
25,0,41.23948955535889,39
25,1,45.571107387542725,44
