Threads,Iteration,Actual,Reported
43,0,67.2376139163971,65
43,0,65.02639985084534,64
