Threads,Iteration,Actual,Reported
31,0,45.56270623207092,44
31,0,49.91444158554077,48
