Threads,Iteration,Actual,Reported
34,0,60.69412040710449,58
34,1,58.48653316497803,58
