Threads,Iteration,Actual,Reported
4,0,2.7303788661956787,1.5
4,0,2.361147403717041,1.5
4,1,2.3604166507720947,1.5
