Threads,Iteration,Actual,Reported
22,0,37.29920768737793,36
22,1,43.4037446975708,41
