Threads,Iteration,Actual,Reported
28,0,43.40029692649841,42
28,0,43.40248703956604,42
28,1,47.725735664367676,46
28,0,41.26203942298889,40
28,1,43.443334341049194,41
